Common_Keywords,Revenue_Generated,Budget,Clicks,Conversions,Customer_Satisfaction_Post_Refund,CTR,CPC
Affordable,130352672.55,64503689.34,6364049,1253162,2.484173505275498,19.691268876151018,10.135636815492779
Durable,122260622.22,61931294.42,6148700,1229204,2.51559934318555,19.991282710166377,10.072258269227643
Innovative,125575725.74,62428568.03,6164929,1264682,2.483741469289442,20.514137307988463,10.126405029157675
Stylish,122197255.28,63772523.45,6141358,1242739,2.5206841686555292,20.235573304796755,10.38410779016628
